238,SII001    ,A171                
396,WOM001    ,A3000               
396,WOM001    ,A3000-TOOL          
234,JPC001    ,A3001               
396,WOM001    ,A3002               
396,WOM001    ,A3003               
396,WOM001    ,A3004               
336,None      ,A3005               
101,KAA001    ,A3006               
845,ATS001    ,A3007               
845,ATS001    ,A3008               
845,ATS001    ,A3009               
845,ATS001    ,A3010               
308,VTU001    ,A3011               
308,VTU001    ,A3012               
308,VTU001    ,A3013               
308,VTU001    ,A3014               
308,VTU001    ,A3015               
308,VTU001    ,A3016               
396,WOM001    ,A3017               
396,WOM001    ,A3018               
200,None      ,A3019               
200,None      ,A3020               
845,ATS001    ,A3021               
845,ATS001    ,A3022               
104,None      ,A3023               
104,None      ,A3024               
106,CRT002    ,A3025               
107,IRT001    ,A3026               
107,IRT001    ,A3027               
109,SPI001    ,A3028               
200,None      ,A3029               
336,None      ,A3030               
336,None      ,A3031               
336,None      ,A3032               
336,None      ,A3033               
157,CAM001    ,A3034               
234,JPC001    ,A3035               
234,JPC001    ,A3036               
234,JPC001    ,A3037               
234,JPC001    ,A3038               
111,HAC001    ,A3039               
109,SPI001    ,A3040               
234,JPC001    ,A3041               
234,JPC001    ,A3042               
234,JPC001    ,A3042T              
115,OTT001    ,A3043               
131,ATU001    ,A3044               
131,ATU001    ,A3045               
376,BFM001    ,A3046               
287,AMA001    ,A3047               
251,UNI002    ,A3048               
234,JPC001    ,A3049               
500,LEG001    ,A3050               
500,LEG001    ,A3050T              
845,ATS001    ,A3051               
845,ATS001    ,A3052               
845,ATS001    ,A3053               
502,DMI001    ,A3054               
502,DMI001    ,A3054T              
502,DMI001    ,A3055               
502,DMI001    ,A3056               
502,DMI001    ,A3057               
503,503,A3058               
503,503,A3059               
506,TFI001    ,A3060               
270,CMS001    ,A3061               
845,ATS001    ,A3062               
396,WOM001    ,A3063               
396,WOM001    ,A3064               
396,WOM001    ,A3065               
396,WOM001    ,A3066               
396,WOM001    ,A3067               
396,WOM001    ,A3068               
396,WOM001    ,A3069               
396,WOM001    ,A3070               
396,WOM001    ,A3071               
508,TAD001    ,A3072               
352,ICG001    ,A3073               
200,None      ,A3074               
546,KNA002    ,A3075               
200,None      ,A3076               
519,TPI001    ,A3077               
845,ATS001    ,A3078               
845,ATS001    ,A3079               
845,ATS001    ,A3080               
845,ATS001    ,A3081               
845,ATS001    ,A3082               
396,WOM001    ,A3083               
526,FMC001    ,A3084               
526,FMC001    ,A3085               
301,KMI001    ,A3086               
513,THP001    ,A3087               
513,THP001    ,A3088               
396,WOM001    ,A3089               
396,WOM001    ,A3090               
200,None      ,A3091               
109,SPI001    ,A3092               
115,OTT001    ,A3093               
115,OTT001    ,A3094               
115,OTT001    ,A3095               
845,ATS001    ,A3096               
115,OTT001    ,A3097               
101,KAA001    ,A3098               
845,ATS001    ,A3099               
514,ACC002    ,A3100               
515,ACE001    ,A3101               
515,ACE001    ,A3101T              
516,TEI002    ,A3102               
336,None      ,A3103               
115,OTT001    ,A3104               
342,None      ,A3105               
209,CRT001    ,A3106               
277,EKC001    ,A3107               
204,WMI001    ,A3108               
297,OFC001    ,A3109               
845,ATS001    ,A3111               
845,ATS001    ,A3112               
845,ATS001    ,A3113               
845,ATS001    ,A3114               
845,ATS001    ,A3115               
845,ATS001    ,A3116               
845,ATS001    ,A3117               
845,ATS001    ,A3118               
845,ATS001    ,A3119               
287,AMA001    ,A3120               
715,MIM001    ,A3121               
715,MIM001    ,A3122               
336,None      ,A3123               
336,None      ,A3124               
522,ESL001    ,A3125               
277,EKC001    ,A3126               
523,SEI002    ,A3127               
523,SEI002    ,A3128               
524,None      ,A3129               
525,None      ,A3130               
199,None      ,A3131               
199,None      ,A3132               
199,None      ,A3133               
199,None      ,A3134               
527,None      ,A3135               
527,None      ,A3135A              
564,None      ,A3136               
564,None      ,A3137               
396,WOM001    ,A3138               
625,LOI001    ,A3139               
532,MOI001    ,A3140               
396,WOM001    ,A3141               
396,WOM001    ,A3142               
396,WOM001    ,A3143               
199,None      ,A3144               
199,None      ,A3145               
199,None      ,A3146               
199,None      ,A3147               
199,None      ,A3148               
105,EEO001    ,A3149               
105,EEO001    ,A3150               
538,None      ,A3151               
538,None      ,A3152               
533,None      ,A3153               
234,JPC001    ,A3154               
234,JPC001    ,A3155               
535,ACL001    ,A3158               
535,ACL001    ,A3159               
522,ESL001    ,A3160               
522,ESL001    ,A3161               
105,EEO001    ,A3162               
105,EEO001    ,A3163               
199,None      ,A3165               
199,None      ,A3166               
522,ESL001    ,A3167               
522,ESL001    ,A3168               
522,ESL001    ,A3169               
522,ESL001    ,A3170               
522,ESL001    ,A3171               
522,ESL001    ,A3172               
253,GOI001    ,A3173               
537,EES001    ,A3174               
537,EES001    ,A3174M              
522,ESL001    ,A3175               
199,None      ,A3176               
845,ATS001    ,A3177               
565,ALM003    ,A3179               
901,None      ,A3180               
901,None      ,A3181               
522,ESL001    ,A3182               
199,None      ,A3183               
199,None      ,A3184               
945,None      ,A3185               
945,None      ,A3186               
522,ESL001    ,A3187               
125,ELM001    ,A3188               
125,ELM001    ,A3189               
522,ESL001    ,A3190               
125,ELM001    ,A3191               
125,ELM001    ,A3192               
541,None      ,A3193               
541,None      ,A3194               
541,None      ,A3195               
541,None      ,A3196               
541,None      ,A3197               
541,None      ,A3198               
541,None      ,A3199               
125,ELM001    ,A3200               
125,ELM001    ,A3201               
125,ELM001    ,A3202               
287,AMA001    ,A3203               
372,LAE001    ,A3204               
372,LAE001    ,A3205               
540,None      ,A3206               
540,None      ,A3207               
542,None      ,A3208               
540,None      ,A3209               
945,None      ,A3210               
543,NOI001    ,A3211               
544,None      ,A3212               
544,None      ,A3213               
544,None      ,A3214               
544,None      ,A3215               
544,None      ,A3216               
544,None      ,A3217               
544,None      ,A3218               
544,None      ,A3219               
544,None      ,A3220               
253,GOI001    ,A3221               
125,ELM001    ,A3222               
199,None      ,A3223               
199,None      ,A3224               
540,None      ,A3225               
540,None      ,A3225A              
545,None      ,A3226               
199,None      ,A3227               
199,None      ,A3231               
340,None      ,A3232               
185,TAB001    ,A3233               
522,ESL001    ,A3237               
199,None      ,A3240               
336,None      ,A3241               
336,None      ,A3242               
336,None      ,A3243               
336,None      ,A3244               
556,TSC002    ,A3245               
544,None      ,A3246               
120,NIE001    ,A3247               
845,ATS001    ,A3248               
845,ATS001    ,A3248A              
845,ATS001    ,A3249               
845,ATS001    ,A3250               
522,ESL001    ,A3251               
199,None      ,A3252               
125,ELM001    ,A3253               
540,None      ,A3254               
845,ATS001    ,A3255               
547,None      ,A3256               
522,ESL001    ,A3257               
199,None      ,A3259               
547,None      ,A3260               
547,None      ,A3261               
199,None      ,A3262               
544,None      ,A3263               
544,None      ,A3264               
550,HAS001    ,A3265               
550,HAS001    ,A3266               
557,None      ,A3267               
547,None      ,A3268               
199,None      ,A3269               
522,ESL001    ,A3270               
522,ESL001    ,A3271               
522,ESL001    ,A3272               
547,None      ,A3273               
553,None      ,A3275               
553,None      ,A3276               
553,None      ,A3277               
553,None      ,A3278               
547,None      ,A3279               
547,None      ,A3280               
547,None      ,A3281               
561,PMC001    ,A3282               
125,ELM001    ,A3283               
547,None      ,A3284               
108,None      ,A3285               
547,None      ,A3286               
199,None      ,A3287               
199,None      ,A3288               
550,HAS001    ,A3289               
550,HAS001    ,A3290               
547,None      ,A3291               
547,None      ,A3292               
298,None      ,A3293               
270,CMS001    ,A3294               
362,None      ,A3295               
554,None      ,A3296               
554,None      ,A3297               
125,ELM001    ,A3298               
547,None      ,A3299               
557,None      ,A3300               
541,None      ,A3301               
541,None      ,A3302               
541,None      ,A3303               
992,None      ,A3304               
541,None      ,A3305               
541,None      ,A3306               
541,None      ,A3308               
541,None      ,A3309               
199,None      ,A3310               
199,None      ,A3311               
125,ELM001    ,A3312               
108,None      ,A3314               
557,None      ,A3315               
557,None      ,A3316               
550,HAS001    ,A3317               
547,None      ,A3318               
544,None      ,A3320               
547,None      ,A3321               
547,None      ,A3322               
353,MGI001    ,A3323               
547,None      ,A3324               
547,None      ,A3325               
705,None      ,A3326               
705,None      ,A3327               
705,None      ,A3328               
159,NEI001    ,A3328-FPI           
199,None      ,A3329               
199,None      ,A3330               
336,None      ,A3331               
336,None      ,A3332               
705,None      ,A3335               
705,None      ,A3336               
705,None      ,A3337               
705,None      ,A3338               
900,MMW001    ,A3344               
541,None      ,A3348               
541,None      ,A3349               
541,None      ,A3350               
541,None      ,A3351               
541,None      ,A3352               
541,None      ,A3353               
541,None      ,A3354               
572,AAI001    ,A3356               
541,None      ,A3359               
307,None      ,A3360               
115,OTT001    ,A3361               
611,CAP001    ,A3362               
199,None      ,A3363               
199,None      ,A3364               
199,None      ,A3365               
425,ACI001    ,A3366               
425,ACI001    ,A3367               
425,ACI001    ,A3368               
425,ACI001    ,A3369               
425,ACI001    ,A3370               
425,ACI001    ,A3371               
425,ACI001    ,A3372               
546,KNA002    ,A3373               
430,KET001    ,A3374               
425,ACI001    ,A3375               
425,ACI001    ,A3376               
425,ACI001    ,A3377               
425,ACI001    ,A3378               
185,TAB001    ,A3379               
270,CMS001    ,A3380               
125,ELM001    ,A3381               
253,GOI001    ,A3382               
522,ESL001    ,A3384               
537,EES001    ,A3384M              
199,None      ,A3385               
541,None      ,A3387               
185,TAB001    ,A3388               
445,None      ,A3389               
465,None      ,A3397               
845,ATS001    ,A3402               
575,COX001    ,A3403               
445,None      ,A3404               
445,None      ,A3405               
199,None      ,A3407               
115,OTT001    ,A3408               
115,OTT001    ,A3409               
115,OTT001    ,A3410               
115,OTT001    ,A3411               
214,H002      ,A3413               
214,H002      ,A3414               
199,None      ,A3415               
471,ASA001    ,A3416               
445,None      ,A3418               
537,EES001    ,A3419               
565,ALM003    ,A3420               
199,None      ,A3421               
199,None      ,A3422               
199,None      ,A3423               
199,None      ,A3424               
199,None      ,A3425               
199,None      ,A3427               
199,None      ,A3428               
199,None      ,A3429               
199,None      ,A3430               
199,None      ,A3431               
557,None      ,A3436               
557,None      ,A3437               
445,None      ,A3438               
900,MMW001    ,A3439               
251,UNI002    ,A3440               
553,None      ,A3441               
199,None      ,A3442               
553,None      ,A3443               
430,KET001    ,A3444               
541,None      ,A3446               
541,None      ,A3449               
541,None      ,A3450               
541,None      ,A3453               
553,None      ,A3454               
553,None      ,A3455               
553,None      ,A3456               
553,None      ,A3457               
553,None      ,A3458               
480,TKI001    ,A3459               
553,None      ,A3460               
199,None      ,A3461               
553,None      ,A3462               
660,FTG001    ,A3465               
845,ATS001    ,A3466               
845,ATS001    ,A3467               
495,C1L001    ,A3472               
495,C1L001    ,A3473               
199,None      ,A3474               
549,None      ,A3479               
556,TSC002    ,A3481               
199,None      ,A3484               
199,None      ,A3485               
200,None      ,A3486               
200,None      ,A3487               
557,None      ,A3490               
557,None      ,A3491               
557,None      ,A3492               
557,None      ,A3493               
116,TFS001    ,A3498               
495,C1L001    ,A3499               
199,None      ,A3500               
199,None      ,A3502               
900,MMW001    ,A3503               
945,None      ,A3506               
495,C1L001    ,A3507               
945,None      ,A3510               
128,PIS001    ,A3516               
119,TEI004    ,A3517               
445,None      ,A3519               
199,None      ,A3520               
575,COX001    ,A3523               
557,None      ,A3525               
557,None      ,A3526               
541,None      ,A3528               
121,None      ,A3529               
396,WOM001    ,A3530               
396,WOM001    ,A3531               
945,None      ,A3532               
121,None      ,A3533               
199,None      ,A3534               
575,COX001    ,A3535               
199,None      ,A3536               
270,CMS001    ,A3540               
553,None      ,A3542               
199,None      ,A3546               
123,YIC001    ,A3547               
129,TPE001    ,A3551               
845,ATS001    ,A3553               
845,ATS001    ,A3554               
336,None      ,A3555               
118,BEH001    ,A3556               
199,None      ,A3557               
199,None      ,A3558               
557,None      ,A3563               
116,TFS001    ,A3566               
214,H002      ,A3568               
123,YIC001    ,A3572               
116,TFS001    ,A3573               
845,ATS001    ,A3577               
845,ATS001    ,A3578               
565,ALM003    ,A3579               
565,ALM003    ,A3580               
199,None      ,A3581               
199,None      ,A3582               
199,None      ,A3583               
149,CSS001    ,A3584               
149,CSS001    ,A3585               
553,None      ,A3586               
124,None      ,A3587               
553,None      ,A3588               
199,None      ,A3589               
200,None      ,A3591               
138,TAI002    ,A3592               
138,TAI002    ,A3593               
199,None      ,A3594               
199,None      ,A3595               
199,None      ,A3596               
199,None      ,A3597               
199,None      ,A3598               
553,None      ,A3601               
199,None      ,A3602               
116,TFS001    ,A3603               
115,OTT001    ,A3604               
142,MAM003    ,A3606               
144,KEG001    ,A3610               
945,None      ,A3617               
549,None      ,A3618               
116,TFS001    ,A3619               
525,None      ,A3620               
525,None      ,A3621               
945,None      ,A3622               
199,None      ,A3624               
124,None      ,A3630               
124,None      ,A3631               
471,ASA001    ,A3633               
471,ASA001    ,A3634               
471,ASA001    ,A3635               
471,ASA001    ,A3636               
471,ASA001    ,A3637               
471,ASA001    ,A3638               
471,ASA001    ,A3639               
471,ASA001    ,A3640               
471,ASA001    ,A3641               
115,OTT001    ,A3642               
465,None      ,A3644               
557,None      ,A3645               
465,None      ,A3646               
200,None      ,A3647               
525,None      ,A3648               
525,None      ,A3649               
121,None      ,A3655               
121,None      ,A3656               
557,None      ,A3657               
121,None      ,A3658               
121,None      ,A3659               
158,FTI001    ,A3661               
161,HTI001    ,A3663               
199,None      ,A3672               
199,None      ,A3673               
199,None      ,A3674               
270,CMS001    ,A3677               
121,None      ,A3680               
509,FAC001    ,BARS                
308,VTU001    ,BIKE                
308,VTU001    ,BIKE1               
308,VTU001    ,BIKE2               
308,VTU001    ,BIKE3               
308,VTU001    ,BIKE4               
308,VTU001    ,BIKE5               
308,VTU001    ,BIKE6               
251,UNI002    ,BOOK                
251,UNI002    ,BOOKS               
998,CAL001    ,BP1                 
256,None      ,B958                
996,SII002    ,CANCEL. FEE         
396,WOM001    ,CAROL               
289,WW001     ,DFRM                
502,DMI001    ,DONAL TOOLING       
219,MSC001    ,D007                
219,MSC001    ,D009                
219,MSC001    ,D011                
219,MSC001    ,D013                
219,MSC001    ,D015                
219,MSC001    ,D029                
1,1,EXPEDITE            
234,JPC001    ,E280                
509,FAC001    ,FAB-BRAZE           
234,JPC001    ,FFF5                
278,HMS001    ,FRAME               
1,1,FREIGHT ONLY        
277,EKC001    ,F1130               
277,EKC001    ,F1131               
660,FTG001    ,F357                
236,NIM001    ,F535                
236,NIM001    ,F536                
660,FTG001    ,F537                
236,NIM001    ,F612                
356,ACC001    ,GOLF-PROTOTYPE      
324,ADO001    ,GOLF1               
998,CAL001    ,GRIP                
352,ICG001    ,G127                
352,ICG001    ,G128                
286,QCC001    ,H.T.                
296,HYS001    ,HAND                
440,CPM001    ,HEAT TREAT          
660,FTG001    ,HEATTREATPANELS     
185,TAB001    ,H001                
340,None      ,INTRACOM PARTS      
289,WW001     ,JFRM                
248,DPM001    ,J15B                
248,DPM001    ,J15M                
248,DPM001    ,J15S                
530,PTC001    ,KOU9                
530,PTC001    ,KXRN3               
348,COI001    ,LUG                 
376,BFM001    ,LWR                 
271,MSC002    ,MISC                
1,1,MISC1               
1,1,MISC2               
559,BRI001    ,MISC3               
505,CAG001    ,MMC SAMPLES         
259,MII002    ,M200                
247,EAC001    ,N10B                
247,EAC001    ,N10C                
530,PTC001    ,OU20                
308,VTU001    ,PART1               
348,COI001    ,PEDL                
202,ALM001    ,PENETRANT           
450,FCI001    ,PENETRANT TEST      
257,LUI001    ,PROTOTYPE           
230,WAI001    ,P778                
230,WAI001    ,P812                
530,PTC001    ,Q026                
239,TSC001    ,Q122                
1,1,RE-WORK             
103,SEI001    ,SAM1                
1,1,SAM2                
103,SEI001    ,SAM3                
845,ATS001    ,SA3008              
845,ATS001    ,SA3009              
234,JPC001    ,SA3041              
376,BFM001    ,SA3046              
251,UNI002    ,SA3047              
115,OTT001    ,SA3104              
297,OFC001    ,SA3109              
715,MIM001    ,SA3122              
523,SEI002    ,SA3127              
523,SEI002    ,SA3128              
199,None      ,SA3131              
199,None      ,SA3133              
199,None      ,SA3134              
527,None      ,SA3135              
527,None      ,SA3135A             
529,JAR001    ,SA3136              
529,JAR001    ,SA3137              
396,WOM001    ,SA3138              
531,None      ,SA3139              
532,MOI001    ,SA3140              
396,WOM001    ,SA3141              
396,WOM001    ,SA3142              
396,WOM001    ,SA3143              
199,None      ,SA3144              
199,None      ,SA3145              
199,None      ,SA3146              
199,None      ,SA3147              
199,None      ,SA3148              
105,EEO001    ,SA3149              
105,EEO001    ,SA3150              
533,None      ,SA3151              
533,None      ,SA3152              
533,None      ,SA3153              
234,JPC001    ,SA3154              
234,JPC001    ,SA3155              
845,ATS001    ,SA3156              
845,ATS001    ,SA3157              
535,ACL001    ,SA3158              
535,ACL001    ,SA3159              
522,ESL001    ,SA3160              
522,ESL001    ,SA3161              
105,EEO001    ,SA3162              
105,EEO001    ,SA3163              
536,HDO001    ,SA3164              
199,None      ,SA3165              
199,None      ,SA3166              
522,ESL001    ,SA3167              
522,ESL001    ,SA3168              
522,ESL001    ,SA3169              
522,ESL001    ,SA3170              
522,ESL001    ,SA3171              
522,ESL001    ,SA3172              
253,GOI001    ,SA3173              
537,EES001    ,SA3174              
522,ESL001    ,SA3175              
199,None      ,SA3176              
845,ATS001    ,SA3177              
530,PTC001    ,SA3178              
214,H002      ,SA3179              
540,None      ,SA3180              
540,None      ,SA3181              
522,ESL001    ,SA3182              
199,None      ,SA3183              
199,None      ,SA3184              
945,None      ,SA3185              
945,None      ,SA3186              
537,EES001    ,SA3187              
522,ESL001    ,SA3188              
522,ESL001    ,SA3189              
522,ESL001    ,SA3190              
253,GOI001    ,SA3191              
522,ESL001    ,SA3192              
541,None      ,SA3193              
541,None      ,SA3194              
541,None      ,SA3195              
541,None      ,SA3196              
541,None      ,SA3197              
541,None      ,SA3198              
541,None      ,SA3199              
253,GOI001    ,SA3200              
253,GOI001    ,SA3201              
253,GOI001    ,SA3202              
251,UNI002    ,SA3203              
531,None      ,SA3204              
531,None      ,SA3205              
540,None      ,SA3206              
540,None      ,SA3207              
540,None      ,SA3208              
540,None      ,SA3209              
945,None      ,SA3210              
945,None      ,SA3210T             
543,NOI001    ,SA3211              
544,None      ,SA3212              
544,None      ,SA3213              
544,None      ,SA3214              
544,None      ,SA3215              
544,None      ,SA3216              
544,None      ,SA3217              
544,None      ,SA3218              
544,None      ,SA3219              
544,None      ,SA3220              
253,GOI001    ,SA3221              
253,GOI001    ,SA3222              
199,None      ,SA3223              
199,None      ,SA3224              
540,None      ,SA3225              
545,None      ,SA3226              
199,None      ,SA3227              
199,None      ,SA3228              
199,None      ,SA3229              
199,None      ,SA3230              
199,None      ,SA3231              
340,None      ,SA3232              
185,TAB001    ,SA3233              
547,None      ,SA3234              
547,None      ,SA3235              
522,ESL001    ,SA3237              
547,None      ,SA3238              
547,None      ,SA3239              
199,None      ,SA3240              
336,None      ,SA3241              
336,None      ,SA3242              
336,None      ,SA3243              
336,None      ,SA3244              
549,None      ,SA3245              
544,None      ,SA3246              
548,KIL001    ,SA3247              
845,ATS001    ,SA3248              
845,ATS001    ,SA3249              
845,ATS001    ,SA3250              
522,ESL001    ,SA3251              
199,None      ,SA3252              
105,EEO001    ,SA3253              
540,None      ,SA3254              
845,ATS001    ,SA3255              
547,None      ,SA3256              
522,ESL001    ,SA3257              
336,None      ,SA3258              
199,None      ,SA3259              
547,None      ,SA3260              
547,None      ,SA3261              
199,None      ,SA3262              
544,None      ,SA3263              
544,None      ,SA3264              
550,HAS001    ,SA3265              
550,HAS001    ,SA3266              
557,None      ,SA3267              
547,None      ,SA3268              
199,None      ,SA3269              
522,ESL001    ,SA3270              
522,ESL001    ,SA3271              
522,ESL001    ,SA3272              
547,None      ,SA3273              
396,WOM001    ,SA3274              
553,None      ,SA3275              
553,None      ,SA3276              
553,None      ,SA3277              
553,None      ,SA3278              
547,None      ,SA3279              
547,None      ,SA3280              
547,None      ,SA3281              
550,HAS001    ,SA3282              
522,ESL001    ,SA3283              
547,None      ,SA3284              
547,None      ,SA3286              
199,None      ,SA3287              
199,None      ,SA3288              
550,HAS001    ,SA3289              
550,HAS001    ,SA3290              
547,None      ,SA3291              
547,None      ,SA3292              
298,None      ,SA3293              
270,CMS001    ,SA3294              
554,None      ,SA3296              
554,None      ,SA3297              
522,ESL001    ,SA3298              
547,None      ,SA3299              
557,None      ,SA3300              
541,None      ,SA3301              
541,None      ,SA3302              
541,None      ,SA3303              
549,None      ,SA3304              
541,None      ,SA3305              
541,None      ,SA3306              
541,None      ,SA3307              
541,None      ,SA3308              
541,None      ,SA3309              
199,None      ,SA3310              
199,None      ,SA3311              
522,ESL001    ,SA3312              
522,ESL001    ,SA3313              
557,None      ,SA3315              
557,None      ,SA3316              
550,HAS001    ,SA3317              
547,None      ,SA3318              
541,None      ,SA3319              
544,None      ,SA3320              
547,None      ,SA3321              
547,None      ,SA3322              
563,None      ,SA3323              
547,None      ,SA3324              
547,None      ,SA3325              
541,None      ,SA3326              
541,None      ,SA3327              
541,None      ,SA3328              
199,None      ,SA3329              
199,None      ,SA3330              
336,None      ,SA3331              
336,None      ,SA3332              
562,TEI003    ,SA3333              
108,None      ,SA3334              
541,None      ,SA3335              
541,None      ,SA3336              
541,None      ,SA3337              
541,None      ,SA3338              
541,None      ,SA3339              
541,None      ,SA3340              
541,None      ,SA3341              
541,None      ,SA3342              
567,MTE001    ,SA3343              
900,MMW001    ,SA3344              
569,None      ,SA3345              
570,ALT001    ,SA3346              
570,ALT001    ,SA3347              
541,None      ,SA3348              
541,None      ,SA3349              
541,None      ,SA3350              
541,None      ,SA3351              
541,None      ,SA3352              
541,None      ,SA3353              
541,None      ,SA3354              
522,ESL001    ,SA3355              
572,AAI001    ,SA3356              
570,ALT001    ,SA3357              
541,None      ,SA3359              
307,None      ,SA3360              
115,OTT001    ,SA3361              
611,CAP001    ,SA3362              
199,None      ,SA3363              
199,None      ,SA3364              
199,None      ,SA3365              
425,ACI001    ,SA3366              
425,ACI001    ,SA3367              
425,ACI001    ,SA3368              
425,ACI001    ,SA3369              
425,ACI001    ,SA3370              
425,ACI001    ,SA3371              
425,ACI001    ,SA3372              
546,KNA002    ,SA3373              
430,KET001    ,SA3374              
425,ACI001    ,SA3375              
425,ACI001    ,SA3376              
425,ACI001    ,SA3377              
425,ACI001    ,SA3378              
185,TAB001    ,SA3379              
270,CMS001    ,SA3380              
522,ESL001    ,SA3381              
105,EEO001    ,SA3382              
522,ESL001    ,SA3384              
199,None      ,SA3385              
570,ALT001    ,SA3386              
541,None      ,SA3387              
185,TAB001    ,SA3388              
445,None      ,SA3389              
465,None      ,SA3397              
845,ATS001    ,SA3402              
575,COX001    ,SA3403              
445,None      ,SA3404              
445,None      ,SA3405              
567,MTE001    ,SA3406              
199,None      ,SA3407              
115,OTT001    ,SA3408              
115,OTT001    ,SA3409              
115,OTT001    ,SA3410              
115,OTT001    ,SA3411              
214,H002      ,SA3413              
214,H002      ,SA3414              
199,None      ,SA3415              
471,ASA001    ,SA3416              
445,None      ,SA3418              
522,ESL001    ,SA3419              
565,ALM003    ,SA3420              
199,None      ,SA3421              
199,None      ,SA3422              
199,None      ,SA3423              
199,None      ,SA3424              
199,None      ,SA3425              
541,None      ,SA3426              
199,None      ,SA3427              
199,None      ,SA3428              
199,None      ,SA3429              
199,None      ,SA3430              
199,None      ,SA3431              
557,None      ,SA3436              
557,None      ,SA3437              
445,None      ,SA3438              
563,None      ,SA3439              
553,None      ,SA3441              
199,None      ,SA3442              
553,None      ,SA3443              
430,KET001    ,SA3444              
541,None      ,SA3445              
541,None      ,SA3446              
541,None      ,SA3447              
541,None      ,SA3448              
541,None      ,SA3449              
541,None      ,SA3450              
541,None      ,SA3451              
541,None      ,SA3452              
541,None      ,SA3453              
553,None      ,SA3454              
553,None      ,SA3455              
553,None      ,SA3456              
553,None      ,SA3457              
553,None      ,SA3458              
480,TKI001    ,SA3459              
553,None      ,SA3460              
199,None      ,SA3461              
553,None      ,SA3462              
660,FTG001    ,SA3465              
845,ATS001    ,SA3466              
845,ATS001    ,SA3467              
845,ATS001    ,SA3468              
845,ATS001    ,SA3469              
495,C1L001    ,SA3472              
495,C1L001    ,SA3473              
199,None      ,SA3474              
549,None      ,SA3479              
549,None      ,SA3481              
553,None      ,SA3482              
530,PTC001    ,SA3483              
199,None      ,SA3484              
199,None      ,SA3485              
285,PEE001    ,SA3486              
285,PEE001    ,SA3487              
285,PEE001    ,SA3488              
200,None      ,SA3489              
557,None      ,SA3490              
557,None      ,SA3491              
557,None      ,SA3492              
557,None      ,SA3493              
116,TFS001    ,SA3498              
495,C1L001    ,SA3499              
199,None      ,SA3500              
199,None      ,SA3502              
900,MMW001    ,SA3503              
522,ESL001    ,SA3504              
522,ESL001    ,SA3505              
945,None      ,SA3506              
495,C1L001    ,SA3507              
945,None      ,SA3510              
118,BEH001    ,SA3516              
118,BEH001    ,SA3517              
445,None      ,SA3519              
199,None      ,SA3520              
199,None      ,SA3522              
575,COX001    ,SA3523              
557,None      ,SA3525              
557,None      ,SA3526              
541,None      ,SA3528              
121,None      ,SA3529              
396,WOM001    ,SA3530              
396,WOM001    ,SA3531              
945,None      ,SA3532              
121,None      ,SA3533              
199,None      ,SA3534              
575,COX001    ,SA3535              
199,None      ,SA3536              
270,CMS001    ,SA3540              
553,None      ,SA3542              
199,None      ,SA3546              
123,YIC001    ,SA3547              
129,TPE001    ,SA3551              
129,TPE001    ,SA3551A             
845,ATS001    ,SA3553              
845,ATS001    ,SA3554              
336,None      ,SA3555              
118,BEH001    ,SA3556              
199,None      ,SA3557              
199,None      ,SA3558              
557,None      ,SA3563              
214,H002      ,SA3568              
575,COX001    ,SA3569              
123,YIC001    ,SA3572              
116,TFS001    ,SA3573              
845,ATS001    ,SA3577              
845,ATS001    ,SA3578              
565,ALM003    ,SA3579              
565,ALM003    ,SA3580              
199,None      ,SA3581              
199,None      ,SA3582              
199,None      ,SA3583              
553,None      ,SA3584              
553,None      ,SA3585              
553,None      ,SA3586              
553,None      ,SA3587              
199,None      ,SA3588              
199,None      ,SA3589              
138,TAI002    ,SA3591              
138,TAI002    ,SA3592              
138,TAI002    ,SA3593              
199,None      ,SA3594              
199,None      ,SA3595              
199,None      ,SA3596              
199,None      ,SA3597              
199,None      ,SA3598              
553,None      ,SA3601              
199,None      ,SA3602              
116,TFS001    ,SA3603              
115,OTT001    ,SA3604              
115,OTT001    ,SA3605              
142,MAM003    ,SA3606              
143,None      ,SA3609              
144,KEG001    ,SA3610              
445,None      ,SA3611              
945,None      ,SA3617              
549,None      ,SA3618              
116,TFS001    ,SA3619              
525,None      ,SA3620              
525,None      ,SA3621              
945,None      ,SA3622              
199,None      ,SA3624              
124,None      ,SA3630              
124,None      ,SA3631              
471,ASA001    ,SA3633              
471,ASA001    ,SA3634              
471,ASA001    ,SA3635              
471,ASA001    ,SA3636              
471,ASA001    ,SA3637              
471,ASA001    ,SA3638              
471,ASA001    ,SA3639              
471,ASA001    ,SA3640              
471,ASA001    ,SA3641              
115,OTT001    ,SA3642              
115,OTT001    ,SA3643              
465,None      ,SA3644              
465,None      ,SA3645              
465,None      ,SA3646              
200,None      ,SA3647              
525,None      ,SA3648              
525,None      ,SA3649              
445,None      ,SA3650              
121,None      ,SA3655              
121,None      ,SA3656              
557,None      ,SA3657              
121,None      ,SA3658              
121,None      ,SA3659              
197,None      ,SA3661              
161,HTI001    ,SA3663              
945,None      ,SA3671              
199,None      ,SA3672              
199,None      ,SA3673              
199,None      ,SA3674              
270,CMS001    ,SA3677              
121,None      ,SA3680              
530,PTC001    ,SET-UPS             
534,MCT001    ,SHELLS              
1,1,SINGLE TEST BAR     
1,1,SLAQC               
541,None      ,SLA3193             
541,None      ,SLA3194             
541,None      ,SLA3196             
541,None      ,SLA3197             
541,None      ,SLA3198             
541,None      ,SLA3199             
570,ALT001    ,SLA3357             
199,None      ,SLA3365             
185,TAB001    ,SLA3379             
570,ALT001    ,SLA3383             
570,ALT001    ,SLA3386             
445,None      ,SLA3389             
115,OTT001    ,SLA3390             
115,OTT001    ,SLA3391             
115,OTT001    ,SLA3392             
115,OTT001    ,SLA3393             
455,RPS001    ,SLA3394             
455,RPS001    ,SLA3395             
465,None      ,SLA3396             
465,None      ,SLA3397             
465,None      ,SLA3398             
465,None      ,SLA3399             
465,None      ,SLA3400             
570,ALT001    ,SLA3401             
575,COX001    ,SLA3403             
580,NMI001    ,SLA3412             
470,ASA001    ,SLA3416             
475,None      ,SLA3417             
445,None      ,SLA3418             
541,None      ,SLA3426             
199,None      ,SLA3427             
199,None      ,SLA3428             
199,None      ,SLA3429             
199,None      ,SLA3430             
199,None      ,SLA3431             
199,None      ,SLA3432             
199,None      ,SLA3433             
199,None      ,SLA3434             
199,None      ,SLA3435             
445,None      ,SLA3438             
553,None      ,SLA3454             
553,None      ,SLA3455             
553,None      ,SLA3457             
553,None      ,SLA3458             
480,TKI001    ,SLA3459             
553,None      ,SLA3462             
567,MTE001    ,SLA3463             
567,MTE001    ,SLA3464             
199,None      ,SLA3470             
199,None      ,SLA3471             
567,MTE001    ,SLA3475             
567,MTE001    ,SLA3476             
570,ALT001    ,SLA3477             
845,ATS001    ,SLA3478             
553,None      ,SLA3480             
117,UOC001    ,SLA3494             
117,UOC001    ,SLA3495             
117,UOC001    ,SLA3496             
117,UOC001    ,SLA3497             
115,OTT001    ,SLA3508             
115,OTT001    ,SLA3509             
105,EEO001    ,SLA3511             
105,EEO001    ,SLA3512             
199,None      ,SLA3513             
199,None      ,SLA3514             
199,None      ,SLA3515             
567,MTE001    ,SLA3518             
445,None      ,SLA3519             
199,None      ,SLA3524             
199,None      ,SLA3527             
396,WOM001    ,SLA3530             
396,WOM001    ,SLA3531             
553,None      ,SLA3537             
455,RPS001    ,SLA3538             
455,RPS001    ,SLA3539             
123,YIC001    ,SLA3541             
553,None      ,SLA3542             
567,MTE001    ,SLA3543             
553,None      ,SLA3544             
553,None      ,SLA3545             
123,YIC001    ,SLA3547             
199,None      ,SLA3548             
199,None      ,SLA3549             
199,None      ,SLA3550             
129,TPE001    ,SLA3551             
132,TEI005    ,SLA3552             
199,None      ,SLA3557             
465,None      ,SLA3559             
199,None      ,SLA3560             
574,None      ,SLA3561             
574,None      ,SLA3562             
567,MTE001    ,SLA3564             
567,MTE001    ,SLA3565             
105,EEO001    ,SLA3570             
553,None      ,SLA3571             
123,YIC001    ,SLA3572             
455,RPS001    ,SLA3574             
455,RPS001    ,SLA3575             
567,MTE001    ,SLA3576             
553,None      ,SLA3589             
553,None      ,SLA3590             
199,None      ,SLA3599             
199,None      ,SLA3600             
115,OTT001    ,SLA3604             
115,OTT001    ,SLA3605             
541,None      ,SLA3607             
567,MTE001    ,SLA3608             
143,None      ,SLA3609             
567,MTE001    ,SLA3612             
567,MTE001    ,SLA3613             
123,YIC001    ,SLA3614             
123,YIC001    ,SLA3615             
123,YIC001    ,SLA3616             
549,None      ,SLA3618             
123,YIC001    ,SLA3623             
123,YIC001    ,SLA3625             
148,BAI001    ,SLA3626             
560,PON001    ,SLA3627             
560,PON001    ,SLA3628             
567,MTE001    ,SLA3629             
199,None      ,SLA3632             
115,OTT001    ,SLA3642             
115,OTT001    ,SLA3643             
445,None      ,SLA3650             
445,None      ,SLA3651             
445,None      ,SLA3652             
445,None      ,SLA3653             
567,MTE001    ,SLA3654             
553,None      ,SLA3660             
197,None      ,SLA3661             
471,ASA001    ,SLA3662             
123,YIC001    ,SLA3664             
125,ELM001    ,SLA3665             
197,None      ,SLA3666             
105,EEO001    ,SLA3667             
567,MTE001    ,SLA3668             
567,MTE001    ,SLA3669             
471,ASA001    ,SLA3670             
199,None      ,SLA3672             
199,None      ,SLA3673             
199,None      ,SLA3674             
199,None      ,SLA3675             
199,None      ,SLA3676             
471,ASA001    ,SLA3678             
199,None      ,SLA3679             
1,1,STEP                
1,1,ST002               
336,None      ,S3032               
405,MAE001    ,S4977               
405,MAE001    ,S5113               
251,UNI002    ,S9200               
1,1,TEST ADD1           
10,MDL001    ,TEST BAR            
166,NUI001    ,TEST BARS           
522,ESL001    ,TOOLING             
1,1,TP001               
340,None      ,V002                
530,PTC001    ,V014                
530,PTC001    ,V017                
440,CPM001    ,WELD                
200,None      ,WLD123              
1,1,WTP1                
1,1,WTP2                
530,PTC001    ,W00200              
530,PTC001    ,W00210              
530,PTC001    ,W00300              
126,ABI001    ,XRAY                
530,PTC001    ,XRN3                
530,PTC001    ,Z020                
251,UNI002    ,1
373,KUL001    ,2
845,ATS001    ,10
362,None      ,17
299,ASI001    ,24
254,None      ,26
100,KOI001    ,30
845,ATS001    ,31
845,ATS001    ,32
845,ATS001    ,41
298,None      ,46
845,ATS001    ,51
358,PAS001    ,53
234,JPC001    ,59
297,OFC001    ,006C                
102,PAM001    ,68
266,None      ,72
845,ATS001    ,81
298,None      ,84
845,ATS001    ,101
845,ATS001    ,102
200,None      ,142
327,AFC001    ,154
340,None      ,200
301,KMI001    ,201
340,None      ,202
340,None      ,204
340,None      ,206
530,PTC001    ,210
314,BGF001    ,242
363,DET001    ,297
363,DET001    ,299
251,UNI002    ,301
200,None      ,330
200,None      ,331
215,OEL001    ,342
292,DIG001    ,394
251,UNI002    ,401
301,KMI001    ,402
347,CAN001    ,403
234,JPC001    ,422
200,None      ,434
715,MIM001    ,442
366,QUI001    ,462
560,PON001    ,05P1                
251,UNI002    ,501
200,None      ,502
200,None      ,516
845,ATS001    ,531
845,ATS001    ,551
560,PON001    ,06P1                
212,DII001    ,600
212,DII001    ,0600T               
530,PTC001    ,601
255,None      ,613
255,None      ,792
255,None      ,793
303,JEC001    ,808
311,GEI001    ,832
208,DJI001    ,839
815,LIM001    ,877
815,LIM001    ,878
815,LIM001    ,879
815,LIM001    ,917
328,None      ,926
222,MAC001    ,974
222,MAC001    ,975
222,MAC001    ,977
1,1,10-96               
396,WOM001    ,1002
373,KUL001    ,1004
222,MAC001    ,1006
237,MII001    ,1007
373,KUL001    ,1009
200,None      ,1042
520,IMM001    ,1050
530,PTC001    ,1100
415,HAC002    ,1101
294,RII001    ,1120
277,EKC001    ,1124
277,EKC001    ,1130
277,EKC001    ,1131
307,None      ,1171
415,HAC002    ,1182
415,HAC002    ,1183
415,HAC002    ,1185
277,EKC001    ,1186
415,HAC002    ,1191
415,HAC002    ,1196
571,DSC001    ,1200
558,LES001    ,1201
150,WNS001    ,1208
150,WNS001    ,1209
530,PTC001    ,1232
215,OEL001    ,1234
200,None      ,1291
925,AIS001    ,1298
925,AIS001    ,1303
150,WNS001    ,1306
200,None      ,1358
200,None      ,1376
200,None      ,1380
200,None      ,13802
200,None      ,1381
200,None      ,1383
200,None      ,1386
200,None      ,1387
200,None      ,1388
200,None      ,1389
200,None      ,1391
200,None      ,1395
200,None      ,1396
200,None      ,1397
200,None      ,1398
200,None      ,1400
517,INS001    ,1400I               
200,None      ,1401
200,None      ,1402
530,PTC001    ,1403
200,None      ,1405
200,None      ,1406
200,None      ,1408
517,INS001    ,1408I               
200,None      ,1409
200,None      ,1410
200,None      ,1411
200,None      ,1412
200,None      ,1413
200,None      ,1415
200,None      ,1416
200,None      ,1417
200,None      ,1418
200,None      ,1420
200,None      ,1421
200,None      ,14212
200,None      ,1423
200,None      ,1425
517,INS001    ,1425I               
200,None      ,1430
200,None      ,14302
200,None      ,1431
200,None      ,1438
200,None      ,1439
200,None      ,1451
975,TOT001    ,1452
517,INS001    ,1452I               
975,TOT001    ,1453
312,HEW001    ,1500
226,ITA001    ,1552
280,None      ,1561
251,UNI002    ,1601
280,None      ,1607
200,None      ,1679
775,BED001    ,1701
530,PTC001    ,1744
265,ADM001    ,1811
900,MMW001    ,1814
325,NOC001    ,1823
325,NOC001    ,1830
530,PTC001    ,1840
530,PTC001    ,1906
998,CAL001    ,1911
332,AST001    ,1934
307,None      ,1939
332,AST001    ,1947
573,PGI001    ,195C                
315,CDV001    ,1971
315,CDV001    ,1982
271,MSC002    ,1990
530,PTC001    ,1993
830,PHC001    ,2000
830,PHC001    ,2001
530,PTC001    ,2016
530,PTC001    ,2020
200,None      ,2050
830,PHC001    ,2080
830,PHC001    ,2100
830,PHC001    ,2107
207,ABD001    ,2109
830,PHC001    ,2110
830,PHC001    ,2130
357,HAI001    ,2132
830,PHC001    ,2140
530,PTC001    ,2155
830,PHC001    ,2160
288,TGT001    ,2165
830,PHC001    ,2170
261,NEC001    ,2231
530,PTC001    ,2250
234,JPC001    ,2261
530,PTC001    ,2264
234,JPC001    ,2281
530,PTC001    ,2305
365,ROI001    ,2309
234,JPC001    ,2328
135,MAM001    ,2357
530,PTC001    ,2359
135,MAM001    ,2376
994,MOM001    ,2390
135,MAM001    ,2403
135,MAM001    ,2410
234,JPC001    ,2417
234,JPC001    ,2419
262,TRI001    ,2465
262,TRI001    ,2467
262,TRI001    ,2491
530,PTC001    ,2513
530,PTC001    ,2546
830,PHC001    ,2600
530,PTC001    ,2603
530,PTC001    ,2604
262,TRI001    ,2608
530,PTC001    ,2673
530,PTC001    ,2674
530,PTC001    ,2675
530,PTC001    ,2706
541,None      ,2718
830,PHC001    ,2730
420,None      ,2737
175,None      ,2767
200,None      ,2769
517,INS001    ,2769I               
200,None      ,2770
517,INS001    ,2770I               
245,None      ,2773
245,None      ,2776
395,MEG001    ,2802
530,PTC001    ,2849
200,None      ,2887
200,None      ,2956
361,JLH001    ,2969
363,DET001    ,2974
363,DET001    ,2975
363,DET001    ,2997
830,PHC001    ,3000
262,TRI001    ,3001
347,CAN001    ,3020
351,LIC001    ,3058
351,LIC001    ,3059
249,FTS001    ,3076
276,PHP001    ,3078
373,KUL001    ,3100
245,None      ,3102
530,PTC001    ,3107
530,PTC001    ,3143
530,PTC001    ,3154
530,PTC001    ,3186
998,CAL001    ,3202
274,LMG001    ,3214
253,GOI001    ,3221
105,EEO001    ,3231
530,PTC001    ,3355
530,PTC001    ,3387
335,CAT001    ,3415
245,None      ,3434
715,MIM001    ,3437
900,MMW001    ,3457
715,MIM001    ,3479
530,PTC001    ,3482
200,None      ,3511
253,GOI001    ,3521
245,None      ,3524
245,None      ,3534
253,GOI001    ,3541
200,None      ,3543
113,NOF001    ,355T6               
105,EEO001    ,3551
530,PTC001    ,3610
530,PTC001    ,3612
530,PTC001    ,3614
865,WAM001    ,36141
367,CSI001    ,3618
565,ALM003    ,3630
830,PHC001    ,3640
530,PTC001    ,3648
530,PTC001    ,3649
185,TAB001    ,3671
340,None      ,3700
530,PTC001    ,3705
530,PTC001    ,3707
309,CBI001    ,3725
247,EAC001    ,3763
530,PTC001    ,3778
530,PTC001    ,3779
530,PTC001    ,3780
530,PTC001    ,3781
530,PTC001    ,3782
585,MAS001    ,3801
276,PHP001    ,3811
255,None      ,3883
530,PTC001    ,3900
530,PTC001    ,3902
165,GSS001    ,3915
900,MMW001    ,3942
998,CAL001    ,3949
237,MII001    ,3979
237,MII001    ,3980
165,GSS001    ,3999
845,ATS001    ,4003
845,ATS001    ,4004
845,ATS001    ,4005
845,ATS001    ,4006
845,ATS001    ,4009
845,ATS001    ,4010
244,None      ,4025
200,None      ,4057
200,None      ,4087
830,PHC001    ,4100
234,JPC001    ,4127
234,JPC001    ,4154
395,MEG001    ,4173
395,MEG001    ,4174
395,MEG001    ,4175
272,I002      ,4190
165,GSS001    ,4196
830,PHC001    ,4200
234,JPC001    ,4211
165,GSS001    ,4212
950,KNA001    ,4228
755,HFS001    ,4258
830,PHC001    ,4300
200,None      ,4306
200,None      ,4310
195,None      ,4359
200,None      ,4371
200,None      ,4372
251,UNI002    ,4401
200,None      ,4436
280,None      ,4472
245,None      ,4571
251,UNI002    ,4601
200,None      ,4619
363,DET001    ,4621
363,DET001    ,4622
200,None      ,4696
200,None      ,4758
200,None      ,4759
845,ATS001    ,4800
200,None      ,4856
200,None      ,4872
200,None      ,4879
200,None      ,4914
200,None      ,4915
200,None      ,4937
204,WMI001    ,4963
405,MAE001    ,4977
980,GSI001    ,5002
845,ATS001    ,5003
845,ATS001    ,5004
845,ATS001    ,5005
245,None      ,5041
245,None      ,5088
980,GSI001    ,5101
245,None      ,5109
405,MAE001    ,5113
925,AIS001    ,5128
270,CMS001    ,5170
200,None      ,5193
349,ARA001    ,5202
405,MAE001    ,5211
405,MAE001    ,5212
245,None      ,5305
245,None      ,5322
905,LIT001    ,5349
970,GEM001    ,5361
165,GSS001    ,5364
200,None      ,5389
287,AMA001    ,5403
405,MAE001    ,5411
405,MAE001    ,5412
220,MCI001    ,5415
252,PSI001    ,5610
256,None      ,5611
256,None      ,5621
155,NOC001    ,5646
256,None      ,5648
775,BED001    ,5690
970,GEM001    ,5721
112,TES001    ,5845
112,TES001    ,5846
268,WIB001    ,5847
245,None      ,5855
154,None      ,5867
277,EKC001    ,5868
277,EKC001    ,5869
322,COE001    ,5882
530,PTC001    ,5902
251,UNI002    ,5903
390,CDS001    ,5917
277,EKC001    ,5971
830,PHC001    ,6001
396,WOM001    ,6003
530,PTC001    ,6004
845,ATS001    ,6013
845,ATS001    ,6014
264,GRC001    ,6016
411,PHC001    ,6030
411,PHC001    ,6030M               
775,BED001    ,6040
268,WIB001    ,6066
390,CDS001    ,6097
251,UNI002    ,6101
252,PSI001    ,6105
252,PSI001    ,6107
245,None      ,6130
287,AMA001    ,6201
900,MMW001    ,6221
900,MMW001    ,6224
234,JPC001    ,6389
234,JPC001    ,6398
234,JPC001    ,6399
200,None      ,6400
517,INS001    ,6400I               
234,JPC001    ,6403
234,JPC001    ,6414
234,JPC001    ,6427
234,JPC001    ,643R                
234,JPC001    ,6460
234,JPC001    ,6461
270,CMS001    ,6469
234,JPC001    ,6471
234,JPC001    ,6484
234,JPC001    ,6499
530,PTC001    ,6500
830,PHC001    ,6501
336,None      ,6543
336,None      ,6546
251,UNI002    ,6600
217,LEE001    ,6638
207,ABD001    ,6646
850,FLM001    ,6651
850,FLM001    ,6652
326,BLU001    ,6677
252,PSI001    ,6701
252,PSI001    ,6702
114,AIC001    ,6713
200,None      ,6731
270,CMS001    ,6825
249,FTS001    ,6842
249,FTS001    ,6843
620,FOC001    ,6892
251,UNI002    ,6901
251,UNI002    ,6902
369,AWC001    ,6954
830,PHC001    ,7001
845,ATS001    ,7002
845,ATS001    ,7003
845,ATS001    ,7004
710,NOM001    ,7015
234,JPC001    ,7020
364,JPC002    ,7021
212,DII001    ,7050
539,PRF001    ,7056
539,PRF001    ,7057
267,None      ,7058
207,ABD001    ,7080
945,None      ,7124
945,None      ,7125
610,None      ,7206
900,MMW001    ,7208
200,None      ,7211
275,VET001    ,7219
330,None      ,7221
620,FOC001    ,7222
985,PFP001    ,7251
251,UNI002    ,7302
269,K002      ,7370
200,None      ,7490
268,WIB001    ,7511
268,WIB001    ,7512
277,EKC001    ,7586
251,UNI002    ,7670
251,UNI002    ,7690
269,K002      ,7700
252,PSI001    ,7901
372,LAE001    ,8001
845,ATS001    ,8002
845,ATS001    ,8003
306,IDI001    ,8051
270,CMS001    ,8071
234,JPC001    ,8075
252,PSI001    ,8101
291,None      ,8120
245,None      ,8141
775,BED001    ,8201
282,GRT001    ,8211
279,BET001    ,8213
282,GRT001    ,8231
279,BET001    ,8233
298,None      ,8244
281,ITI001    ,8267
281,ITI001    ,8269
775,BED001    ,8301
775,BED001    ,8302
230,WAI001    ,8341
230,WAI001    ,8342
208,DJI001    ,8375
270,CMS001    ,8461
251,UNI002    ,8501
208,DJI001    ,8509
185,TAB001    ,8512
999,None      ,8560
462,LUI002    ,8631
462,LUI002    ,8633
110,None      ,8635
462,LUI002    ,8646
815,LIM001    ,8651
815,LIM001    ,8652
110,None      ,8659
462,LUI002    ,8681
269,K002      ,8700
251,UNI002    ,8701
335,CAT001    ,8851
165,GSS001    ,8949
200,None      ,8961
200,None      ,8962
317,SOL001    ,8976
234,JPC001    ,9002
234,JPC001    ,9003
845,ATS001    ,9004
845,ATS001    ,9005
200,None      ,9018
249,FTS001    ,9141
234,JPC001    ,9142
234,JPC001    ,9145
135,MAM001    ,9150
234,JPC001    ,9171
307,None      ,9192
234,JPC001    ,9195
251,UNI002    ,9200
945,None      ,9201
945,None      ,9202
490,JMC001    ,9203
485,ONT001    ,9204
200,None      ,9247
517,INS001    ,9247I               
198,None      ,9252
517,INS001    ,9252I               
245,None      ,9300
307,None      ,9389
307,None      ,9390
307,None      ,9392
354,None      ,9393
354,None      ,9394
251,UNI002    ,9401
135,MAM001    ,9410
775,BED001    ,9510
326,BLU001    ,9520
256,None      ,9591
200,None      ,9670
227,MIP001    ,9749
306,IDI001    ,9814
317,SOL001    ,9821
317,SOL001    ,9822
200,None      ,9830
135,MAM001    ,9859
251,UNI002    ,9901
750,None      ,9930
945,None      ,9980
502,DMI001    ,999999
549,None      ,A3501               
549,None      ,SA3501              
143,None      ,SA3681              
143,None      ,SA3682              
830,PHC001    ,A3683               
164,CPI001    ,A3609               
567,MTE001    ,SLA3686             
445,None      ,SA3652              
445,None      ,A3652               
541,None      ,A3452               
166,NUI001    ,HEAT-TREAT          
115,OTT001    ,A3643               
549,None      ,SLA3687             
115,OTT001    ,A3605               
199,None      ,A3600               
143,None      ,A3681               
138,TAI002    ,SA3695              
197,None      ,SLA3689             
197,None      ,SLA3690             
197,None      ,SLA3691             
197,None      ,SLA3692             
197,None      ,SLA3693             
197,None      ,SLA3694             
541,None      ,A3445               
199,None      ,SLA3688             
445,None      ,SLA3696             
199,None      ,SA3600              
138,TAI002    ,A3695               
143,None      ,A3682               
522,ESL001    ,A3504               
167,IDC002    ,SLA3697             
445,None      ,SLA3699             
200,None      ,A3592R              
200,None      ,A3593R              
200,None      ,A3700               
200,None      ,A3701               
200,None      ,SA3702              
200,None      ,A3702               
200,None      ,SA3701              
200,None      ,SA3700              
200,None      ,SA3703              
200,None      ,A3703               
148,BAI001    ,A3626               
167,IDC002    ,SLA3707             
167,IDC002    ,SLA3706             
845,ATS001    ,SLA3704             
167,IDC002    ,SLA3698             
167,IDC002    ,SLA3705             
199,None      ,A3599               
199,None      ,SA3599              
199,None      ,A3708               
199,None      ,SA3708              
199,None      ,SLA3709             
199,None      ,A3632               
199,None      ,A3710               
115,OTT001    ,A3391               
115,OTT001    ,SA3391              
148,BAI001    ,SA3626              
471,ASA001    ,SLA3636             
199,None      ,SA3632              
199,None      ,SA3710              
200,None      ,A3711               
200,None      ,SA3711              
200,None      ,A3712               
200,None      ,SA3712              
199,None      ,SA3688              
199,None      ,A3688               
169,PRG001    ,SLA3713             
169,PRG001    ,SLA3714             
169,PRG001    ,SLA3715             
170,LUI003    ,SLA3716             
115,OTT001    ,SLA3717             
167,IDC002    ,SLA3718             
115,OTT001    ,A3719               
115,OTT001    ,SA3719              
167,IDC002    ,SLA3721             
199,None      ,SLA3720             
396,WOM001    ,SLA3722             
471,ASA001    ,SLA3723             
197,None      ,SLA3684             
530,PTC001    ,WATERWASH           
199,None      ,SLA3724             
445,None      ,SA3699              
445,None      ,A3699               
199,None      ,SLA3727             
445,None      ,SLA3725             
445,None      ,A3696               
199,None      ,A3709               
445,None      ,A3650               
945,None      ,SA3685              
115,OTT001    ,SLA3726             
396,WOM001    ,A3722               
396,WOM001    ,SA3722              
170,LUI003    ,SLA3729             
170,LUI003    ,SLA3728             
121,None      ,9353
560,PON001    ,A3627               
560,PON001    ,SA3627              
199,None      ,SA3730              
115,OTT001    ,SLA3731             
560,PON001    ,SA3732              
172,RAC004    ,SLA3733             
199,None      ,SLA3734             
530,PTC001    ,SA3735              
541,None      ,A3447               
541,None      ,A3448               
541,None      ,A3426               
530,PTC001    ,SA3735F             
530,PTC001    ,SA3735A             
541,None      ,A3451               
471,ASA001    ,SLA3736             
541,None      ,SA3737              
541,None      ,A3737               
199,None      ,A3730               
445,None      ,SA3696              
541,None      ,SLA3738             
148,BAI001    ,SLA3739             
560,PON001    ,A3732               
945,None      ,A3685               
471,ASA001    ,SLA3740             
375,None      ,SLA3741             
199,None      ,SA3709              
199,None      ,SLA3745             
197,None      ,SLA3746             
375,None      ,SLA3747             
375,None      ,SLA3748             
148,BAI001    ,SLA3749             
115,OTT001    ,SA3717              
115,OTT001    ,A3717               
199,None      ,SLA3742             
575,COX001    ,A3569               
375,None      ,SA3747              
375,None      ,SA3748              
541,None      ,SLA3750             
200,None      ,A3711-2             
560,PON001    ,SA3628              
200,None      ,SA3711-2            
541,None      ,SLA3744             
197,None      ,SLA3751             
174,FSI001    ,SLA3752             
197,None      ,SA3753              
467,SET001    ,TEST ENG TRIAL      
197,None      ,SLA3753             
430,KET001    ,SA3754              
430,KET001    ,A3754               
199,None      ,SLA3743             
541,None      ,SA3755              
541,None      ,A3755               
541,None      ,SA3756              
541,None      ,A3756               
541,None      ,SA3757              
541,None      ,A3757               
465,None      ,SLA3765             
541,None      ,SA3758              
541,None      ,A3758               
541,None      ,SA3759              
541,None      ,A3759               
541,None      ,SA3760              
541,None      ,SA3761              
541,None      ,SA3762              
541,None      ,A3760               
541,None      ,A3761               
541,None      ,A3762               
541,None      ,SA3763              
541,None      ,A3763               
541,None      ,SA3764              
541,None      ,A3764               
560,PON001    ,A3628               
199,None      ,SLA3766             
181,ABT001    ,SLA3767             
181,ABT001    ,SLA3768             
547,None      ,SLA3769             
200,None      ,SA3770              
200,None      ,A3770               
471,ASA001    ,SLA3771             
471,ASA001    ,SLA3777             
471,ASA001    ,SLA3778             
471,ASA001    ,SLA3779             
471,ASA001    ,SLA3780             
471,ASA001    ,SLA3781             
575,COX001    ,SA3782              
575,COX001    ,A3782               
471,ASA001    ,SLA3772             
471,ASA001    ,SLA3773             
471,ASA001    ,SLA3774             
471,ASA001    ,SLA3775             
471,ASA001    ,SLA3776             
565,ALM003    ,A3179HP             
167,IDC002    ,SA3705              
167,IDC002    ,A3705               
175,None      ,SLA3783             
199,None      ,SA3784              
199,None      ,A3784               
200,None      ,SA3785              
200,None      ,A3785               
199,None      ,SLA3786             
200,None      ,A3488               
138,TAI002    ,A3591R              
200,None      ,A3489               
375,None      ,A3747               
375,None      ,A3748               
998,CAL001    ,A3787               
471,ASA001    ,SLA3788             
175,None      ,SA3783              
945,None      ,SA3789              
945,None      ,A3789               
471,ASA001    ,SLA3790             
777,FII001    ,SLA3791             
199,None      ,SLA3792             
199,None      ,SLA3793             
199,None      ,SLA3794             
167,IDC002    ,SLA3795             
175,None      ,A3783               
465,None      ,SLA3797             
465,None      ,SLA3796             
375,None      ,SLA3798             
175,None      ,SLA3799             
465,None      ,SLA3800             
790,ENL001    ,SLA3801             
199,None      ,SLA3802             
200,None      ,SA3803              
200,None      ,A3803               
1000,UNI003    ,A3804               
945,None      ,SLA3805             
945,None      ,SLA3806             
945,None      ,SLA3807             
199,None      ,SLA3808             
169,PRG001    ,SA3809              
169,PRG001    ,A3809               
396,WOM001    ,SA3063              
199,None      ,SLA3811             
199,None      ,SLA3812             
199,None      ,SLA3815             
199,None      ,SLA3817             
199,None      ,SLA3816             
199,None      ,SLA3814             
199,None      ,SLA3813             
199,None      ,SLA3810             
199,None      ,A3365-3             
199,None      ,SA3365-3            
509,FAC001    ,2316A-2 FPI/XRY     
509,FAC001    ,2316A-5 FPI/XRY     
509,FAC001    ,2316A-7 FPI/XRY     
509,FAC001    ,2316A-9 FPI/XRY     
509,FAC001    ,FPI/X-RAY           
396,WOM001    ,SA3064              
606,None      ,SLA3818             
606,None      ,SLA3819             
465,None      ,SLA3821             
465,None      ,SLA3822             
205,HBI001    ,SLA3820             
199,None      ,SLA3823             
199,None      ,SLA3824             
199,None      ,SLA3825             
199,None      ,SLA3826             
199,None      ,SLA3827             
199,None      ,SLA3828             
197,None      ,SLA3829             
199,None      ,SA3745              
185,TAB001    ,SLA3830             
185,TAB001    ,SA3830              
185,TAB001    ,A3830               
115,OTT001    ,SLA3831             
115,OTT001    ,SLA3832             
199,None      ,A3745               
197,None      ,SLA3833             
197,None      ,SLA3834             
197,None      ,SLA3835             
197,None      ,SLA3836             
142,MAM003    ,A3606A              
471,ASA001    ,SLA3837             
471,ASA001    ,SLA3838             
142,MAM003    ,SA3606A             
378,None      ,1416MT              
197,None      ,SLA3839             
197,None      ,SLA3840             
1,1,SLA3841             
378,None      ,4371MT              
378,None      ,1413MT              
378,None      ,1412MT              
378,None      ,1391MT              
945,None      ,SA3807              
175,None      ,SA3842              
199,None      ,SA3843              
199,None      ,A3843               
945,None      ,SA3844              
945,None      ,A3844               
188,None      ,SLA3845             
199,None      ,SLA3846             
199,None      ,SLA3847             
199,None      ,SA3546B             
199,None      ,A3546B              
166,NUI001    ,NU1006-2            
188,None      ,SLA3848             
199,None      ,SLA3850             
197,None      ,SA3849              
197,None      ,A3849               
199,None      ,A3850               
502,DMI001    ,SA3056              
174,FSI001    ,SLA3851             
378,None      ,1409MT              
115,OTT001    ,A3508               
199,None      ,SLA3852             
199,None      ,SLA3853             
197,None      ,A3849M              
197,None      ,SA3849M             
378,None      ,1400MT              
378,None      ,A3712MT             
199,None      ,SLA3854             
378,None      ,1405MT              
378,None      ,A3486MT             
378,None      ,1402MT              
378,None      ,A3488MT             
378,None      ,1421MT              
378,None      ,A3803MT             
378,None      ,1387MT              
378,None      ,1415MT              
378,None      ,A3701MT             
181,ABT001    ,SLA3855             
199,None      ,SLA3856             
199,None      ,SLA3857             
199,None      ,SLA3858             
530,PTC001    ,BOXES               
199,None      ,A3842               
1,1,A3523HP             
1,1,SA3753HP            
1,1,A3413HP             
790,ENL001    ,SLA3859             
199,None      ,SLA3860             
199,None      ,SLA3861             
199,None      ,SLA3862             
730,FRC001    ,SLA3864             
199,None      ,SLA3865             
575,COX001    ,SLA3863             
105,EEO001    ,SA3866              
105,EEO001    ,SA3867              
105,EEO001    ,A3866               
105,EEO001    ,A3867               
455,RPS001    ,SLA3868             
214,H002      ,SA3864              
214,H002      ,A3864               
115,OTT001    ,SLA3869             
549,None      ,SA3687              
549,None      ,A3687               
945,None      ,SA3806              
945,None      ,A3806               
1,1,SLA3870             
455,RPS001    ,SLA3871             
200,None      ,A3872               
575,COX001    ,SLA3874             
575,COX001    ,SLA3873             
199,None      ,SLA3875             
199,None      ,SLA3876             
575,COX001    ,SLA3877             
575,COX001    ,SLA3878             
575,COX001    ,SLA3879             
1,1,SLA3870HP           
199,None      ,SA3880              
557,None      ,SLA3886             
557,None      ,SLA3887             
557,None      ,SLA3888             
509,FAC001    ,FPI/X-RAY-2         
509,FAC001    ,801C/W FPI/XRY      
509,FAC001    ,802C/W FPI/XRY      
509,FAC001    ,334C/C M/B F/X      
880,None      ,SLA3881             
880,None      ,SLA3882             
880,None      ,SLA3883             
199,None      ,SLA3884             
880,None      ,SLA3885             
467,SET001    ,SLA3889             
888,None      ,SLA3890             
998,CAL001    ,SLA3891             
452,None      ,SA3892              
998,CAL001    ,SA3891              
996,SII002    ,SLA3893             
557,None      ,SLA3894             
557,None      ,SLA3895             
945,None      ,SA3897              
945,None      ,A3897               
200,None      ,1405-2              
115,OTT001    ,SA3390              
115,OTT001    ,A3390               
467,SET001    ,SLA3898             
467,SET001    ,SLA3899             
467,SET001    ,SLA3900             
565,ALM003    ,SLA3901             
467,SET001    ,SLA3902             
200,None      ,A3712-2             
200,None      ,SA3712-2            
199,None      ,SA3875              
199,None      ,A3875               
429,MAA001    ,A3452-FPI           
557,None      ,SLA3896             
199,None      ,SLA3907             
167,IDC002    ,SLA3905             
199,None      ,SLA3908             
880,None      ,SLA3906             
880,None      ,SLA3909             
880,None      ,SLA3910             
199,None      ,A3880               
197,None      ,SLA3911             
549,None      ,SLA3912             
200,None      ,SA3913              
124,None      ,SA3914              
124,None      ,SA3915              
2,CER001    ,C9401               
1,1,TIME                
2,CER001    ,C9521               
467,SET001    ,SLA3916             
467,SET001    ,SLA3917             
199,None      ,SLA3918             
199,None      ,A3876               
199,None      ,SA3876              
199,None      ,SA3919              
199,None      ,A3919               
199,None      ,SLA3919             
166,NUI001    ,A3920               
169,PRG001    ,SA3903              
169,PRG001    ,A3903               
169,PRG001    ,SA3904              
169,PRG001    ,A3904               
821,SMS001    ,SA3921              
821,SMS001    ,A3921               
605,None      ,A3922               
822,SSI001    ,SA3923              
549,None      ,SLA3924             
197,None      ,A3925               
1,1,SAMPLE              
522,ESL001    ,SA3926              
522,ESL001    ,A3926               
166,NUI001    ,A3927               
166,NUI001    ,A3928               
166,NUI001    ,A3929               
425,ACI001    ,SLA3930             
549,None      ,SLA3931             
1,1,SLA3932             
197,None      ,SA3911              
197,None      ,A3911               
200,None      ,A3933               
565,ALM003    ,SA3901              
565,ALM003    ,A3901               
199,None      ,SA3850              
882,SBG001    ,A3934               
882,SBG001    ,A3935               
882,SBG001    ,A3936R              
882,SBG001    ,A3937L              
882,SBG001    ,A3937R              
882,SBG001    ,A3936L              
884,DRS001    ,SA3938              
884,DRS001    ,SA3939              
884,DRS001    ,A3938               
884,DRS001    ,A3939               
166,NUI001    ,A3940               
1,1,SA3941              
368,None      ,SLA3943             
368,None      ,SLA3944             
557,None      ,SLA3945             
169,PRG001    ,SA3942              
169,PRG001    ,A3942               
886,PIS002    ,SLA3947             
199,None      ,SLA3946             
197,None      ,SA3911M             
197,None      ,A3911M              
197,None      ,SLA3948             
197,None      ,SLA3949             
176,PMI001    ,A3756-FPI           
176,PMI001    ,A3426-FPI           
176,PMI001    ,A3447-FPI           
883,None      ,SLA3950             
883,None      ,SLA3951             
557,None      ,SLA3952             
563,None      ,SA3953              
563,None      ,A3953               
886,PIS002    ,SLA3954             
467,SET001    ,A3916               
336,None      ,SLA3955             
336,None      ,SLA3956             
197,None      ,SA3684              
197,None      ,A3684               
166,NUI001    ,A3957               
199,None      ,SLA3958             
204,WMI001    ,A3445-FPI           
336,None      ,A3955               
336,None      ,A3956               
475,None      ,SLA3959             
475,None      ,SLA3960             
197,None      ,SLA3961             
882,SBG001    ,A3962L              
882,SBG001    ,A3963L              
882,SBG001    ,A3963R              
176,PMI001    ,A3451-FPI           
336,None      ,SA3956              
336,None      ,SA3955              
189,None      ,SA3964              
189,None      ,SA3965              
189,None      ,SA3966              
189,None      ,A3964               
189,None      ,A3965               
189,None      ,A3966               
189,None      ,SA3967              
189,None      ,SA3968              
189,None      ,A3968               
189,None      ,A3967               
467,SET001    ,SA3916              
368,None      ,SA3969              
148,BAI001    ,SLA3970             
880,None      ,SA3881              
880,None      ,SA3882              
880,None      ,SA3883              
880,None      ,SA3885              
845,ATS001    ,SA3971              
845,ATS001    ,A3971               
522,ESL001    ,SLA3972             
605,None      ,A3973               
605,None      ,A3974               
342,None      ,SA3976              
547,None      ,SA3977              
547,None      ,SA3978              
547,None      ,SA3979              
547,None      ,A3977               
547,None      ,A3978               
547,None      ,A3979               
821,SMS001    ,SA3980              
821,SMS001    ,A3980               
880,None      ,A3881               
880,None      ,A3882               
880,None      ,A3883               
880,None      ,A3885               
336,None      ,SLA3981             
336,None      ,SLA3982             
336,None      ,SLA3983             
336,None      ,SLA3984             
336,None      ,SLA3985             
336,None      ,SLA3986             
336,None      ,SLA3987             
336,None      ,SLA3988             
336,None      ,SLA3989             
336,None      ,SLA3990             
336,None      ,SLA3991             
336,None      ,SLA3992             
336,None      ,SLA3993             
200,None      ,SA3994              
200,None      ,A3994               
945,None      ,SA4000              
945,None      ,A4000               
509,FAC001    ,A3997               
509,FAC001    ,A3998               
509,FAC001    ,A3999               
188,None      ,SLA3995             
188,None      ,SLA3996             
945,None      ,SLA4001             
280,None      ,SLA4002             
280,None      ,SLA4003             
280,None      ,SLA4004             
336,None      ,SA4005              
336,None      ,A4005               
336,None      ,SA4006              
336,None      ,A4006               
336,None      ,SA4007              
336,None      ,A4007               
200,None      ,A3913               
368,None      ,SA3975              
368,None      ,A3975               
167,IDC002    ,SA4008              
167,IDC002    ,A4008               
945,None      ,SLA4009             
170,LUI003    ,SLA4010             
368,None      ,SA4011              
368,None      ,A4011               
883,None      ,SLA4013             
883,None      ,SLA4014             
883,None      ,SLA4012             
336,None      ,SLA4015             
336,None      ,SLA4016             
541,None      ,SA4017              
541,None      ,A4017               
148,BAI001    ,SLA4018             
945,None      ,A4001               
945,None      ,SA4001              
945,None      ,SA4009              
945,None      ,A4009               
883,None      ,SLA4019             
883,None      ,SA4019              
883,None      ,SLA4020             
883,None      ,SLA4021             
883,None      ,SLA4022             
883,None      ,A4019               
197,None      ,SLA4023             
199,None      ,SLA4024             
199,None      ,SA4024              
199,None      ,A4024               
910,GII001    ,SLA4026             
115,OTT001    ,SA3508              
547,None      ,SA4025              
425,ACI001    ,SLA4027             
845,ATS001    ,A4028               
845,ATS001    ,SA4028              
188,None      ,SLA4029             
188,None      ,SLA4030             
188,None      ,SA4031              
336,None      ,SLA4032             
188,None      ,A4031               
452,None      ,SA4033              
452,None      ,A4033               
541,None      ,SA4034              
541,None      ,A4034               
1,1,SA4035              
115,OTT001    ,SLA4036             
445,None      ,SLA4037             
375,None      ,SLA4040             
375,None      ,SLA4038             
446,LSC001    ,SLA4039             
475,None      ,SLA4041             
475,None      ,SLA4042             
199,None      ,SA3958              
199,None      ,A3958               
149,CSS001    ,SA4045              
149,CSS001    ,A4045               
149,CSS001    ,A4046               
149,CSS001    ,SA4046              
199,None      ,SA3946              
199,None      ,A3946               
467,SET001    ,SA3902              
467,SET001    ,A3902               
166,NUI001    ,A4047               
199,None      ,SA3918              
199,None      ,A3918               
199,None      ,SLA4048             
115,OTT001    ,SLA4049             
945,None      ,SLA4050             
945,None      ,SA4050              
945,None      ,A4050               
935,LAW001    ,SLA4051             
452,None      ,SLA4044             
169,PRG001    ,SA4052              
169,PRG001    ,A4052               
475,None      ,SLA4043             
204,WMI001    ,1409-FPI            
375,None      ,SLA4053             
375,None      ,SLA4054             
375,None      ,SLA4055             
336,None      ,SA3990              
336,None      ,A3990               
336,None      ,SA3991              
336,None      ,A3991               
336,None      ,A3992               
336,None      ,SA3992              
336,None      ,A3993               
336,None      ,SA3993              
883,None      ,SLA4059             
336,None      ,SA4058              
336,None      ,A4058               
199,None      ,A4057               
199,None      ,SA4057              
148,BAI001    ,SA4056              
336,None      ,A4056               
368,None      ,A3969               
452,None      ,SLA4060             
199,None      ,SLA4061             
199,None      ,SLA4062             
199,None      ,SLA4063             
336,None      ,SLA4058             
336,None      ,SA4032              
336,None      ,SA3989              
148,BAI001    ,SLA4056             
336,None      ,A4032               
336,None      ,A3989               
2,CER001    ,C9595               
656,TPM001    ,SA4064              
656,TPM001    ,A4064               
656,TPM001    ,SA4065              
656,TPM001    ,A4065               
2,CER001    ,C4071               
2,CER001    ,C4070               
2,CER001    ,C4069               
2,CER001    ,C4068               
199,None      ,SLA4066             
199,None      ,A4066               
199,None      ,SA4066              
199,None      ,SLA4067             
199,None      ,A4067               
199,None      ,SA4067              
199,None      ,SLA4057             
475,None      ,SLA4043M            
2,CER001    ,SA4068              
2,CER001    ,SA4069              
2,CER001    ,SA4070              
557,None      ,SLA4072             
557,None      ,SA4072              
557,None      ,A4072               
115,OTT001    ,SLA4073             
115,OTT001    ,SA4074              
115,OTT001    ,SA4075              
115,OTT001    ,SA4076              
115,OTT001    ,SA4073              
115,OTT001    ,A4073               
115,OTT001    ,A4074               
115,OTT001    ,A4075               
115,OTT001    ,A4076               
343,MGI002    ,A4077               
343,MGI002    ,A4078               
199,None      ,SLA4079             
365,ROI001    ,SA4081              
396,WOM001    ,SA4080              
396,WOM001    ,A4080               
155,NOC001    ,SA3870              
155,NOC001    ,A3870               
992,None      ,SA4082              
992,None      ,A4082               
155,NOC001    ,SA4083              
155,NOC001    ,A4083               
396,WOM001    ,A4080M              
396,WOM001    ,SA4080M             
467,SET001    ,SA3917              
425,ACI001    ,SA4027              
425,ACI001    ,A4027               
830,PHC001    ,320
565,ALM003    ,SLA4084             
565,ALM003    ,SLA4085             
565,ALM003    ,SLA4086             
902,None      ,SLA4087             
199,None      ,SLA4088             
368,None      ,SLA4089             
166,NUI001    ,A4090               
830,PHC001    ,SA4091              
830,PHC001    ,A4091               
467,SET001    ,A3917               
166,NUI001    ,A4092               
115,OTT001    ,SLA4094             
115,OTT001    ,SLA4093             
557,None      ,SLA4095             
557,None      ,SA4095              
605,None      ,A4096               
991,None      ,SA4097              
883,None      ,SLA4098             
553,None      ,SLA4099             
992,None      ,SA4100              
992,None      ,SA4101              
991,None      ,A4097               
991,None      ,SA4102              
883,None      ,SA4013              
902,None      ,SLA4104             
902,None      ,SLA4105             
902,None      ,SLA4106             
902,None      ,SLA4107             
396,WOM001    ,SA4108              
396,WOM001    ,SA4109              
396,WOM001    ,A4108               
396,WOM001    ,A4109               
396,WOM001    ,SA4111              
396,WOM001    ,A4111               
396,WOM001    ,SA3018              
991,None      ,A4103               
991,None      ,A4102               
199,None      ,SLA4112             
982,None      ,SA4113              
982,None      ,SA4113M             
982,None      ,A4113               
982,None      ,A4113M              
982,None      ,SLA4113             
982,None      ,SLA4113M            
199,None      ,SLA4110             
995,PAS002    ,SLA4114             
115,OTT001    ,SA4049              
115,OTT001    ,A4049               
883,None      ,SLA4115             
148,BAI001    ,SLA4116             
475,None      ,SLA4117             
991,None      ,SA4103              
148,BAI001    ,SLA4118             
148,BAI001    ,SLA4119             
910,GII001    ,SLA4120             
445,None      ,SA4121              
445,None      ,A4121               
336,None      ,SLA4122             
883,None      ,SLA4123             
991,None      ,SA4127              
921,CET001    ,SA4128              
921,CET001    ,A4128               
467,SET001    ,SA4131              
467,SET001    ,A4131               
922,ADI001    ,SLA4129             
336,None      ,SA4015              
336,None      ,A4015               
336,None      ,SA4016              
336,None      ,A4016               
336,None      ,SA3981              
336,None      ,A3981               
336,None      ,SA3982              
336,None      ,A3982               
336,None      ,SA3983              
336,None      ,A3983               
336,None      ,SA3984              
336,None      ,A3984               
336,None      ,SA3985              
336,None      ,A3985               
336,None      ,SA3986              
336,None      ,SA3987              
336,None      ,A3987               
336,None      ,SA3988              
336,None      ,A3988               
336,None      ,A3986               
883,None      ,SLA4132             
883,None      ,SLA4130             
991,None      ,SA4124              
991,None      ,A4124               
991,None      ,SA4125              
991,None      ,A4125               
991,None      ,A4126               
991,None      ,SA4126              
945,None      ,SA4133              
945,None      ,A4133               
475,None      ,SLA4134             
982,None      ,SA4135              
991,None      ,SA4142              
991,None      ,A4142               
923,SMM001    ,SA4143              
883,None      ,SLA4136             
883,None      ,SLA4137             
883,None      ,SLA4138             
883,None      ,SLA4139             
883,None      ,SLA4140             
883,None      ,SLA4141             
199,None      ,SLA4144             
133,SAI001    ,SA4145              
133,SAI001    ,SA4145M             
883,None      ,SLA4146             
883,None      ,SLA4147             
921,CET001    ,SA4148              
921,CET001    ,A4148               
991,None      ,SA4149              
991,None      ,A4149               
991,None      ,SA4150              
991,None      ,A4150               
475,None      ,SLA4151             
475,None      ,SLA4151M            
475,None      ,SLA4152             
475,None      ,SLA4152M            
188,None      ,SLA4153             
188,None      ,SLA4154             
188,None      ,SA4156              
188,None      ,A4156               
336,None      ,SA4155              
565,ALM003    ,SA4084              
565,ALM003    ,A4084               
565,ALM003    ,SA4085              
565,ALM003    ,A4085               
565,ALM003    ,SA4086              
565,ALM003    ,A4086               
991,None      ,SLA4157             
991,None      ,SLA4158             
991,None      ,SLA4159             
148,BAI001    ,SLA4160             
553,None      ,SLA4161             
553,None      ,SLA4163             
553,None      ,SLA4164             
553,None      ,SLA4166             
553,None      ,SLA4162             
553,None      ,SLA4165             
982,None      ,A4135               
982,None      ,SA4135M             
982,None      ,A4135M              
475,None      ,SLA4168             
475,None      ,SLA4167             
892,ALL001    ,SLA4169             
921,CET001    ,SA4170              
921,CET001    ,A4170               
921,CET001    ,SA4171              
475,None      ,SLA4172M            
992,None      ,SA4174              
176,PMI001    ,A3446-FPI           
148,BAI001    ,SLA4175             
452,None      ,SA4173              
452,None      ,SLA4173             
821,SMS001    ,SA4176              
821,SMS001    ,SLA4176             
883,None      ,SLA4178             
883,None      ,SLA4177             
992,None      ,A4174               
418,GTI001    ,SA4179              
409,None      ,SA4180              
409,None      ,SA4180M             
409,None      ,SA4181              
409,None      ,SA4181M             
396,WOM001    ,SA4182              
396,WOM001    ,A4182               
170,LUI003    ,SLA4183             
170,LUI003    ,SLA4184             
170,LUI003    ,SLA4185             
921,CET001    ,A4171               
467,SET001    ,SLA4187             
941,941,SLA4186             
115,OTT001    ,SA3097              
892,ALL001    ,SLA4189             
199,None      ,SLA4188             
991,None      ,A4127               
991,None      ,SA4158              
991,None      ,A4158               
991,None      ,SA4159              
991,None      ,A4159               
452,None      ,SA4060              
452,None      ,A4060               
452,None      ,SA4044              
452,None      ,A4044               
199,None      ,SLA4190             
821,SMS001    ,A4176               
1,1,WELD PLT1           
930,HAC003    ,SLA4191             
197,None      ,SA4194              
930,HAC003    ,SA4192E             
930,HAC003    ,SA4192F             
930,HAC003    ,SA4193F             
930,HAC003    ,SA4193E             
153,None      ,SA4195              
921,CET001    ,A4199               
921,CET001    ,SA4199              
819,R003      ,SA4200              
199,None      ,SLA4198             
418,GTI001    ,A4179               
824,None      ,SLA4196             
824,None      ,SLA4197             
368,None      ,SLA4201             
368,None      ,SLA4202             
826,NEC003    ,SLA4203             
199,None      ,SLA4207             
827,Q0L001    ,SA4204              
827,Q0L001    ,SA4205              
827,Q0L001    ,SA4206              
199,None      ,SLA4208             
197,None      ,SA4211              
197,None      ,A4211               
197,None      ,SA4212              
197,None      ,A4212               
197,None      ,SA4213              
197,None      ,A4213               
197,None      ,SA4214              
197,None      ,A4214               
172,RAC004    ,SLA4216             
172,RAC004    ,SLA4215             
368,None      ,SLA4210             
368,None      ,SLA4209             
446,LSC001    ,SLA4218             
446,LSC001    ,SLA4217             
409,None      ,A4180               
409,None      ,A4180M              
409,None      ,A4181               
409,None      ,A4181M              
396,WOM001    ,SA4222              
396,WOM001    ,A4222               
197,None      ,SLA4221             
951,951,SA4219              
951,951,A4219               
951,951,SA4220              
951,951,A4220               
883,None      ,SA4178              
883,None      ,A4178               
197,None      ,SLA4224             
197,None      ,SLA4223             
197,None      ,SLA4225             
197,None      ,SLA4223M            
961,WII001    ,SLA4226             
910,GII001    ,SA4026              
910,GII001    ,A4026               
883,None      ,SA4140              
883,None      ,A4140               
883,None      ,SLA4228             
883,None      ,SLA4229             
963,None      ,SLA4227             
199,None      ,SA4232              
199,None      ,A4232               
921,CET001    ,A4231               
921,CET001    ,SA4231              
826,NEC003    ,SLA4230             
199,None      ,SLA4233             
199,None      ,SLA4234             
199,None      ,SLA4235             
199,None      ,SLA4236             
199,None      ,SLA4237             
819,R003      ,SA4238              
475,None      ,SLA4239             
197,None      ,SLA4242             
197,None      ,SLA4243             
2,CER001    ,SLA4240             
974,JCN001    ,SLA4244             
197,None      ,SLA4241             
153,None      ,A4195               
200,None      ,SA4245              
200,None      ,A4245               
974,JCN001    ,PATTERNS            
189,None      ,SA4246              
189,None      ,SA4247              
189,None      ,A4246               
189,None      ,A4247               
199,None      ,SLA4248             
199,None      ,SLA4249             
153,None      ,SLA4250             
557,None      ,SLA4251             
557,None      ,SLA4252             
148,BAI001    ,SLA4255             
199,None      ,SLA4256             
199,None      ,SLA4257             
409,None      ,SLA4269             
172,RAC004    ,SLA4253             
172,RAC004    ,SLA4254             
197,None      ,SLA4258             
197,None      ,SLA4259             
409,None      ,SA4269              
409,None      ,A4269               
883,None      ,SLA4270             
381,LMC001    ,SA4271              
381,LMC001    ,A4271               
381,LMC001    ,SA4272              
381,LMC001    ,A4272               
547,None      ,SLA4273             
941,941,SLA4264             
941,941,SLA4266             
941,941,SLA4261             
941,941,SLA4262             
941,941,SLA4263             
941,941,SLA4265             
941,941,SLA4267             
941,941,SLA4268             
557,None      ,SLA4252M            
199,None      ,SLA4279             
170,LUI003    ,SLA4281             
995,PAS002    ,SLA4280             
342,None      ,A3976               
189,None      ,SA4274              
189,None      ,A4274               
189,None      ,SA4275              
189,None      ,A4275               
189,None      ,SA4276              
189,None      ,A4276               
176,PMI001    ,A3448-FPI           
197,None      ,SLA4260             
197,None      ,SLA4260M            
197,None      ,SA4260              
197,None      ,A4260M              
197,None      ,SA4260M             
197,None      ,A4260               
824,None      ,SA4196              
824,None      ,A4196               
824,None      ,A4197               
824,None      ,SA4197              
884,DRS001    ,SLA4277             
199,None      ,A4278               
199,None      ,SA4278              
172,RAC004    ,SA4254              
172,RAC004    ,A4254               
172,RAC004    ,SA4253              
172,RAC004    ,A4253               
197,None      ,SLA4282             
148,BAI001    ,SLA4283             
557,None      ,SLA4284             
883,None      ,SLA4285             
127,None      ,SA4087              
127,None      ,A4087               
204,WMI001    ,A3449-FPI           
204,WMI001    ,A3450-FPI           
368,None      ,SLA4286             
1,1,6853
197,None      ,SLA4287             
1,1,WTP1-A356           
199,None      ,SLA4288             
199,None      ,SLA4289             
199,None      ,SLA4292             
197,None      ,SLA4293             
452,None      ,SA4291              
452,None      ,A4291               
936,None      ,SA4290              
936,None      ,A4290               
941,941,SA4261              
941,941,A4261               
941,941,A4262               
941,941,SA4262              
941,941,SA4263              
941,941,A4263               
941,941,SA4264              
941,941,A4264               
941,941,SA4265              
941,941,A4265               
941,941,SA4266              
941,941,A4266               
941,941,SA4267              
941,941,A4267               
941,941,SA4268              
941,941,A4268               
936,None      ,SA4294              
883,None      ,SLA4296             
197,None      ,SLA4297             
148,BAI001    ,SLA4298             
452,None      ,SA4300              
452,None      ,A4300               
452,None      ,SA4301              
452,None      ,A4301               
452,None      ,SLA4300             
452,None      ,SLA4301             
590,None      ,SLA4299             
883,None      ,SLA4302             
883,None      ,A4302               
148,BAI001    ,SLA4304             
148,BAI001    ,SLA4303             
824,None      ,SA4306              
824,None      ,A4306               
199,None      ,SLA4295             
197,None      ,SLA4293-1           
148,BAI001    ,SLA4305             
883,None      ,SLA4307             
553,None      ,SLA4310             
199,None      ,SLA4308             
883,None      ,SLA4311             
961,WII001    ,SA4226              
961,WII001    ,A4226               
883,None      ,SLA4309             
557,None      ,A4252               
557,None      ,A4252M              
197,None      ,SLA4312             
199,None      ,SLA4313             
199,None      ,SLA4314             
557,None      ,SA4252              
557,None      ,SA4252M             
99,99,A4315               
99,99,SA4315              
452,None      ,SLA4316             
452,None      ,SLA4317             
452,None      ,SLA4318             
197,None      ,SLA4319             
883,None      ,SLA4320             
883,None      ,SLA4321             
883,None      ,SLA4322             
883,None      ,SA4285              
883,None      ,A4285               
452,None      ,SLA4323             
452,None      ,SA4317              
452,None      ,A4317               
883,None      ,SLA4324             
452,None      ,SA4323              
452,None      ,A4323               
452,None      ,A3892               
557,None      ,SLA4325             
557,None      ,SA4325              
557,None      ,A4325               
